<?xml version="1.0" encoding="UTF-8" standalone="yes"?>
<businessObjectModel modelVersion="1.0" productVersion="7.3.3">
    <businessObjects>
        <businessObject qualifiedName="fr.bonitasoft.modele.DemandeConciergerie">
            <fields>
                <field type="DATE" length="255" name="dateDemande" nullable="true" collection="false"/>
                <field type="STRING" length="255" name="statutDemande" nullable="true" collection="false"/>
                <field type="LONG" length="255" name="idDemandeur" nullable="true" collection="false"/>
                <field type="STRING" length="255" name="libelleDemande" nullable="true" collection="false"/>
                <field type="STRING" length="255" name="familleDemande" nullable="true" collection="false"/>
                <field type="STRING" length="255" name="sousFamilleDemande" nullable="true" collection="false"/>
                <field type="STRING" length="255" name="numTelephone" nullable="true" collection="false"/>
                <field type="TEXT" length="255" name="detailDemande" nullable="true" collection="false"/>
                <relationField type="COMPOSITION" reference="fr.bonitasoft.modele.Commentaire" fetchType="EAGER" name="echanges" nullable="true" collection="true"/>
                <field type="LONG" length="255" name="caseId" nullable="true" collection="false"/>
            </fields>
            <uniqueConstraints/>
            <queries/>
            <indexes/>
        </businessObject>
        <businessObject qualifiedName="fr.bonitasoft.modele.ReservationConciergerie">
            <fields>
                <field type="LONG" length="255" name="idDemandeur" nullable="true" collection="false"/>
                <relationField type="COMPOSITION" reference="fr.bonitasoft.modele.Produit" fetchType="LAZY" name="panier" nullable="true" collection="true"/>
                <field type="DATE" length="255" name="dateDemande" nullable="true" collection="false"/>
                <field type="STRING" length="255" name="numTelephone" nullable="true" collection="false"/>
                <field type="LONG" length="255" name="numeroReservation" nullable="true" collection="false"/>
                <field type="FLOAT" length="255" name="prixTotal" nullable="true" collection="false"/>
            </fields>
            <uniqueConstraints/>
            <queries/>
            <indexes/>
        </businessObject>
        <businessObject qualifiedName="fr.bonitasoft.modele.Produit">
            <fields>
                <field type="STRING" length="255" name="nom" nullable="true" collection="false"/>
                <field type="FLOAT" length="255" name="prixUnitaire" nullable="true" collection="false"/>
                <field type="INTEGER" length="255" name="quantite" nullable="true" collection="false"/>
            </fields>
            <uniqueConstraints/>
            <queries/>
            <indexes/>
        </businessObject>
        <businessObject qualifiedName="fr.bonitasoft.modele.Commentaire">
            <fields>
                <field type="LONG" length="255" name="userId" nullable="true" collection="false"/>
                <field type="DATE" length="255" name="datePostage" nullable="true" collection="false"/>
                <field type="TEXT" length="255" name="contenu" nullable="true" collection="false"/>
                <field type="STRING" length="255" name="userFullName" nullable="true" collection="false"/>
            </fields>
            <uniqueConstraints/>
            <queries/>
            <indexes/>
        </businessObject>
    </businessObjects>
</businessObjectModel>
